Time (sec),Calculated Load (g/rev),CL Fuel Target (AFR),Comm Fuel Final (AFR),Dyn. Adv. Mult (DAM),Feedback Knock (°),Fine Knock Learn (°),Fuel Pressure (psi),Fuel Pressure Target (psi),Gear Position (Gear),Intake Temp Manifold (F),MAF Corr. (g/s),Boost (psi),Oil Temp (F),Req. Torque (Nm),TD Boost Error (psi),TGV Map Ratio (mult),AF Correction 1 (%),AF Learning 1 (%),AF Sens 1 Ratio (AFR),Accel. Position (%),Baro. Pressure (psi),Coolant Temp (F),Ignition Timing (°),Inj. Duty Cycle (%),Intake Temp (F),MAF Volt. (V),RPM (RPM),Throttle Pos. (%),Wastegate Duty (%),AP Info:[AP3-SUB-004 v1.7.3.0-17285][2019 USDM WRX MT COBB Custom Features][Reflash: Stage1+BigSF 91 v302.ptm - Realtime: Stage1+BigSF 91 v302.ptm]
0.000,0.59,14.65,14.70,1.000,0.00,0.00,1043,1155,3,117,26.36,-2.55,200,141.49,1.79,0.000,9.38,3.12,14.94,20.8,14.07,190,24.00,2.81,72,2.06,2635,21.6,0.00,0
0.049,0.65,14.65,14.70,1.000,0.00,0.00,1214,1261,3,117,28.86,-1.73,200,161.19,2.56,0.000,9.38,3.12,14.95,23.1,14.07,190,21.50,3.38,72,2.08,2643,22.7,0.00,0
0.105,0.67,14.65,14.70,1.000,0.00,0.00,1301,1314,3,117,30.00,-1.36,200,202.45,4.45,0.000,10.16,3.12,15.02,27.8,14.07,190,20.50,3.38,72,2.04,2645,23.5,0.00,0
0.160,0.75,14.65,14.70,1.000,0.00,0.00,1350,1473,3,117,33.73,-0.30,200,233.14,6.09,0.040,10.94,3.12,15.21,32.5,14.07,190,21.00,3.39,72,2.24,2654,30.6,7.84,0
0.230,0.80,14.64,14.64,1.000,0.00,0.00,1496,1526,3,117,36.05,-0.18,199,249.76,7.23,0.227,12.50,3.12,15.57,36.9,14.07,190,14.00,3.99,72,2.26,2670,29.8,14.51,0
0.301,0.89,14.62,14.64,1.000,0.00,0.00,1488,1646,3,117,40.07,-0.20,199,257.20,8.07,0.629,12.50,3.12,14.93,38.8,14.07,190,14.50,3.99,72,2.34,2666,32.9,18.04,0
0.374,0.98,14.61,14.64,1.000,0.00,0.00,1617,1752,3,115,44.77,0.68,199,267.55,7.98,0.813,10.94,3.12,14.74,43.1,14.07,190,16.00,4.57,72,2.40,2692,40.0,20.78,0
0.466,1.06,14.62,14.59,1.000,0.00,0.00,1713,1818,3,115,48.33,1.68,199,273.74,7.63,0.893,12.50,3.12,15.29,47.1,14.07,190,13.50,5.19,72,2.48,2704,44.7,23.14,0
0.522,1.12,14.31,14.31,1.000,0.00,0.00,1748,1818,3,115,51.38,1.88,199,278.09,8.02,0.963,14.84,3.12,15.01,49.4,14.07,190,13.50,5.80,70,2.64,2720,47.8,24.71,0
0.588,1.19,14.31,14.31,1.000,0.00,0.00,1718,1818,3,113,54.89,2.31,200,283.88,7.69,1.000,14.84,3.12,14.71,52.9,14.07,190,13.00,5.81,70,2.52,2730,49.4,25.10,0
0.653,1.22,14.31,14.31,1.000,-1.41,0.00,1805,1871,3,113,55.87,2.98,200,289.33,7.75,1.000,13.28,3.12,14.48,56.1,14.07,190,11.00,6.42,70,2.60,2741,50.6,27.84,0
0.729,1.29,14.31,14.31,1.000,-1.41,0.00,1832,1871,3,111,59.85,3.40,200,295.23,7.82,1.000,13.28,3.12,14.41,59.6,14.07,190,9.50,6.46,70,2.78,2763,81.6,29.80,0
0.790,1.37,14.20,14.15,1.000,-1.41,0.00,1973,1871,3,111,63.66,4.61,200,298.14,7.41,1.000,13.28,3.12,14.38,61.2,14.07,190,9.50,6.51,70,2.78,2793,99.6,30.20,0
0.860,1.44,14.10,14.09,1.000,-1.41,0.00,1957,1871,3,109,68.83,4.82,200,299.10,6.95,1.000,14.84,3.12,14.26,62.0,14.07,190,7.00,7.17,70,2.80,2797,99.6,30.59,0
0.949,1.55,13.96,13.94,1.000,-1.41,0.00,1980,1871,3,108,72.97,5.84,199,299.46,6.29,1.000,14.84,3.12,13.99,62.0,14.07,190,5.00,8.39,70,2.84,2816,99.6,30.98,0
1.006,1.64,13.35,13.34,1.000,-1.41,0.00,1979,1871,3,108,79.99,6.58,199,299.26,5.47,1.000,15.62,3.12,13.56,62.0,14.07,190,4.00,9.17,70,2.94,2881,99.6,30.59,0
1.071,1.71,13.05,12.98,1.000,-1.41,0.00,1949,1871,3,106,83.17,6.87,199,299.21,5.22,1.000,15.62,3.91,13.15,62.0,14.07,190,3.50,9.83,70,3.04,2870,99.6,30.20,0
1.164,1.82,12.69,12.63,1.000,-1.41,0.00,1994,1871,3,106,90.73,8.45,199,299.15,3.81,1.000,14.84,4.69,12.35,62.0,14.07,190,3.00,11.58,70,3.00,2885,99.6,30.59,0
1.225,2.00,12.50,12.42,1.000,-1.41,0.00,1991,1871,3,104,99.54,9.37,200,299.62,2.92,1.000,11.72,3.91,11.84,62.4,14.07,190,2.00,11.87,70,3.06,2942,99.6,30.20,0
1.280,2.06,12.24,12.22,1.000,-1.41,0.00,1897,1871,3,104,100.92,10.03,200,299.66,2.26,1.000,10.94,3.12,11.73,62.4,14.07,190,1.00,12.54,70,3.18,2934,99.6,30.20,0
1.358,2.06,12.20,12.10,1.000,-1.41,0.00,1838,1938,3,104,106.33,10.62,200,299.06,1.92,1.000,10.94,3.91,11.78,62.4,14.07,190,0.50,13.36,70,3.28,2994,99.6,29.80,0
1.413,2.16,11.98,11.98,1.000,-1.41,0.00,2022,1991,3,102,109.23,11.34,200,299.12,1.32,1.000,10.94,3.91,11.60,62.4,14.07,190,1.00,14.10,70,3.32,3003,99.6,29.41,0
1.478,2.21,11.87,11.87,1.000,-1.41,0.00,1908,1991,3,102,111.60,12.02,200,298.98,0.66,1.000,10.16,5.47,11.49,62.4,14.07,190,0.00,14.75,70,3.36,3012,99.6,29.41,0
1.533,2.25,11.82,11.80,1.000,-1.41,0.00,2122,2057,3,102,115.23,12.94,200,299.02,-0.10,1.000,8.59,6.25,11.11,62.4,14.07,190,0.00,14.88,70,3.40,3072,99.6,29.41,0
1.581,2.29,11.74,11.69,1.000,-1.41,0.00,2189,2057,3,100,119.94,13.64,200,298.85,-0.85,1.000,7.81,7.81,11.32,62.4,14.07,190,0.00,15.79,70,3.36,3085,99.6,29.02,0
1.666,2.30,11.66,11.61,1.000,-1.05,0.00,2092,2110,3,100,121.29,14.20,200,298.66,-1.51,1.000,7.81,7.81,11.13,62.4,14.07,190,0.50,16.46,70,3.32,3104,99.6,29.02,0
1.715,2.31,11.66,11.58,1.000,-1.05,0.00,2128,2110,3,100,122.89,13.69,200,298.69,-0.94,1.000,7.03,7.81,10.96,62.4,14.07,190,-0.50,15.94,70,3.30,3122,99.6,28.63,0
1.776,2.34,11.63,11.61,1.000,-1.05,0.00,2212,2110,3,99,124.00,13.65,200,298.14,-0.75,1.000,6.25,7.81,11.32,62.4,14.07,190,0.50,16.12,70,3.32,3168,99.6,28.63,0
1.838,2.33,11.63,11.61,1.000,-1.05,0.00,2053,2110,3,99,123.32,14.59,200,297.75,-1.66,1.000,7.03,7.81,11.03,62.0,14.07,190,0.00,16.28,70,3.34,3182,99.6,28.24,0
1.895,2.30,11.68,11.58,1.000,-1.05,0.00,2054,2110,3,97,122.45,13.61,200,297.91,-1.14,1.000,5.47,7.81,11.25,62.4,14.07,190,-1.00,16.25,70,3.32,3193,99.6,28.24,0
1.950,2.25,11.75,11.72,1.000,-1.05,0.00,2218,2123,3,97,123.17,13.67,200,297.68,-0.44,1.000,4.69,7.81,11.15,62.4,14.07,190,-0.50,15.87,70,3.42,3243,99.6,27.84,0
2.032,2.33,11.82,11.80,1.000,-1.05,0.00,2231,2176,3,95,127.72,13.74,200,297.24,-0.91,1.000,2.34,7.81,11.11,62.0,14.07,190,1.00,16.05,70,3.28,3272,99.6,27.84,0
2.086,2.25,11.82,11.80,1.000,-1.05,0.00,2262,2163,3,95,122.52,13.70,200,297.14,-0.28,1.000,3.12,7.81,11.26,62.0,14.07,190,0.50,16.07,70,3.40,3272,99.6,27.84,0
2.148,2.20,11.77,11.69,1.000,-1.05,0.00,2126,2110,3,93,121.90,12.61,200,296.90,-0.52,1.000,3.12,7.81,11.41,62.0,14.07,190,0.50,14.87,70,3.36,3319,99.6,27.84,0
2.202,2.24,11.89,11.80,1.000,-1.05,0.00,2142,2110,3,93,124.53,13.27,200,296.70,-0.84,1.000,2.34,7.81,11.33,62.0,14.07,190,0.50,15.66,70,3.36,3347,99.6,27.45,0
2.269,2.19,11.88,11.76,1.000,-1.05,0.00,2175,2110,3,91,126.58,13.29,200,296.39,-0.72,1.000,2.34,7.81,11.31,62.0,14.07,190,1.00,15.76,70,3.40,3358,99.6,27.45,0
2.328,2.19,11.84,11.76,1.000,-1.05,0.00,2219,2110,3,91,126.16,12.26,200,296.18,-0.06,1.000,1.56,7.81,11.55,62.0,14.07,190,0.50,15.82,70,3.30,3387,99.6,27.45,0
2.382,2.24,11.92,11.80,1.000,-1.05,0.00,2175,2110,3,91,127.47,12.79,200,295.93,-0.46,1.000,0.78,7.81,11.46,62.0,14.07,190,1.00,15.33,70,3.38,3421,99.6,27.45,0
2.459,2.17,11.90,11.72,1.000,-1.05,0.00,2183,2110,3,90,127.84,12.72,200,295.56,-0.34,1.000,1.56,7.81,11.64,62.0,14.07,190,1.00,16.15,70,3.36,3444,99.6,27.45,0
2.518,2.17,11.90,11.72,1.000,-1.05,0.00,2132,2110,3,90,127.60,12.93,200,295.65,-0.55,1.000,0.78,7.81,11.48,62.0,14.07,190,1.00,16.18,68,3.32,3459,99.6,27.06,0
2.583,2.19,11.89,11.72,1.000,-1.05,0.00,2121,2110,3,90,128.22,12.85,200,295.30,-0.69,1.000,1.56,7.81,11.68,62.0,14.07,190,1.50,16.46,68,3.38,3507,99.6,26.67,0
2.643,2.16,11.87,11.69,1.000,-0.35,0.00,2108,2110,3,90,127.91,12.30,200,295.45,-0.60,1.000,-0.78,7.81,11.55,62.0,14.07,190,2.50,16.48,68,3.34,3516,99.6,26.67,0
2.708,2.20,11.93,11.80,1.000,-0.35,0.00,2124,2163,3,88,131.29,12.30,200,294.91,-0.66,1.000,-0.78,7.81,11.58,62.0,14.07,190,2.50,15.94,68,3.42,3559,99.6,26.67,0
2.766,2.15,11.82,11.65,1.000,-0.35,0.00,2158,2163,3,88,130.24,12.83,200,294.76,-0.48,1.000,0.00,7.81,11.69,62.0,14.07,190,2.50,16.00,68,3.40,3579,99.6,26.67,0
2.821,2.16,11.90,11.72,1.000,-0.35,0.00,2178,2163,3,88,129.35,12.94,200,294.50,-0.22,1.000,-1.56,7.81,11.56,62.0,14.07,190,2.50,16.08,68,3.38,3589,99.6,26.67,0
2.896,2.17,11.88,11.65,1.000,-0.35,0.00,2191,2163,3,88,131.33,13.19,200,294.20,-0.89,1.000,-1.56,7.81,11.73,62.0,14.07,190,2.00,16.25,68,3.52,3629,99.6,26.27,0
2.954,2.17,11.87,11.72,1.000,-0.35,0.00,2126,2163,3,86,133.42,12.24,200,293.89,-0.18,1.000,-1.56,7.81,11.71,62.0,14.07,190,2.50,17.13,68,3.42,3655,99.6,26.27,0
3.012,2.16,11.89,11.76,1.000,-0.35,0.00,2161,2163,3,86,132.10,12.83,200,293.76,-0.79,1.000,-2.34,7.81,11.57,62.0,14.07,190,2.50,16.44,68,3.38,3672,99.6,26.27,0
3.094,2.19,11.91,11.76,1.000,-0.35,0.00,2138,2163,3,86,133.10,13.35,200,293.33,-1.07,1.000,-1.56,7.81,11.70,61.6,14.07,190,2.50,16.52,68,3.42,3703,99.6,26.27,0
3.158,2.15,11.90,11.76,1.000,-0.35,0.00,2141,2163,3,86,134.59,12.65,200,293.31,-0.60,1.000,-2.34,7.81,11.75,62.0,14.07,190,2.50,15.93,68,3.46,3735,99.6,26.27,0
3.202,2.19,11.86,11.23,1.000,-0.35,0.00,2242,2163,3,84,137.29,12.67,200,292.77,-1.51,1.000,0.00,7.81,11.90,61.6,14.07,190,2.50,16.83,68,3.50,3762,99.6,26.27,0
3.270,2.15,11.90,11.33,1.000,-0.35,0.00,2132,2163,3,84,137.27,13.26,200,292.80,-1.26,1.000,0.00,7.81,10.96,61.6,14.07,190,2.50,16.90,68,3.48,3774,99.6,25.88,0
3.351,2.17,11.91,11.27,1.000,-0.35,0.00,2245,2163,3,84,137.96,12.67,200,291.99,-0.80,1.000,0.00,7.81,11.20,61.6,14.07,190,3.00,17.94,68,3.42,3822,99.6,25.88,0
3.405,2.13,11.87,11.33,1.000,-0.35,0.00,2224,2163,3,84,137.23,13.00,200,292.05,-1.15,1.000,0.00,7.81,10.90,61.6,14.07,190,3.50,17.21,68,3.44,3844,99.6,25.10,0
3.466,2.09,11.89,11.37,1.000,-0.35,0.00,2084,2163,3,84,137.72,13.10,200,291.77,-1.28,1.000,0.00,7.81,10.96,61.6,14.07,190,3.50,17.25,68,3.46,3852,99.6,25.10,0
3.527,2.16,11.97,11.37,1.000,-0.35,0.00,2151,2163,3,84,137.86,12.94,200,291.62,-0.40,1.000,0.00,7.81,11.12,61.6,14.07,190,4.00,18.24,68,3.46,3901,99.6,25.10,0
3.588,2.15,11.84,11.30,1.000,-0.35,0.00,2116,2163,3,82,140.39,12.75,200,291.75,-0.95,1.000,0.00,7.81,11.18,61.6,14.07,190,4.00,18.39,68,3.52,3918,99.6,25.10,0
3.646,2.15,11.91,11.37,1.000,0.00,0.00,2208,2163,3,82,139.96,12.17,200,291.26,-0.58,1.000,0.00,7.81,11.11,61.6,14.07,190,4.00,17.58,68,3.44,3936,99.6,24.71,0
3.708,2.15,11.89,11.33,1.000,0.00,0.00,2286,2163,3,82,141.88,12.65,200,291.46,-0.85,1.000,0.00,7.81,11.07,61.6,14.07,190,4.50,17.79,68,3.56,3971,99.6,24.71,0
3.762,2.12,11.87,11.37,1.000,0.00,0.00,2227,2163,3,82,140.78,12.80,200,290.99,-0.91,1.000,0.00,7.81,10.98,61.6,14.07,190,4.50,17.86,68,3.48,3989,99.6,24.71,0
3.843,2.16,11.85,11.30,1.000,0.00,0.00,2256,2163,3,82,142.41,12.48,200,290.66,-0.54,1.000,0.00,7.81,11.01,61.6,14.07,190,5.00,17.99,68,3.56,4018,93.7,24.31,0
3.898,2.15,11.86,11.30,1.000,0.00,0.00,2260,2163,3,82,145.72,12.40,200,290.69,-0.66,1.000,0.00,7.81,10.93,61.6,14.07,190,4.50,18.92,68,3.54,4044,90.6,24.31,0
3.959,2.17,11.83,11.23,1.000,0.00,0.00,2198,2163,3,82,148.23,12.51,200,290.44,-1.19,1.000,0.00,7.81,10.91,61.6,14.07,190,5.00,19.10,68,3.60,4079,85.1,24.31,0
4.010,2.16,11.85,11.23,1.000,0.00,0.00,2050,2163,3,82,151.80,12.75,200,290.34,-1.16,1.000,0.00,7.81,10.81,61.6,14.07,190,4.50,19.22,68,3.52,4092,81.6,23.92,0
4.084,2.20,11.83,11.17,1.000,0.00,0.00,2044,2163,3,82,149.70,12.68,200,290.34,-1.31,1.000,0.00,7.81,10.91,61.6,14.07,190,4.50,19.30,68,3.54,4110,81.2,23.53,0
4.148,2.16,11.78,11.20,1.000,0.00,0.00,2061,2163,3,82,151.64,12.31,200,289.83,-1.39,1.000,0.00,7.81,10.81,61.6,14.07,190,4.50,20.35,68,3.60,4148,76.5,23.14,0
4.209,2.21,11.76,11.13,1.000,0.00,0.00,2219,2163,3,82,155.18,12.72,200,289.52,-1.12,1.000,0.00,7.81,10.70,61.6,14.07,190,4.50,19.55,68,3.62,4172,75.7,23.14,0
4.260,2.22,11.76,11.10,1.000,0.00,0.00,2230,2163,3,82,157.59,12.70,200,289.69,-1.06,1.000,0.00,7.81,10.58,61.6,14.07,190,4.50,20.60,68,3.66,4198,74.9,23.14,0
4.331,2.25,11.73,11.00,1.000,0.00,0.00,2159,2163,3,82,159.60,12.16,200,289.45,-1.01,1.000,0.00,7.81,10.70,61.6,14.07,190,4.50,20.73,68,3.62,4230,69.0,23.14,0
4.406,2.24,11.73,11.04,1.000,0.00,0.00,2197,2163,3,82,160.06,12.52,200,288.99,-1.34,1.000,0.00,7.81,10.34,61.6,14.07,190,4.00,20.80,68,3.66,4246,67.8,22.35,0
4.461,2.26,11.76,11.04,1.000,0.00,0.00,2053,2163,3,81,162.33,11.92,200,289.14,-0.88,1.000,0.00,7.81,10.41,61.6,14.07,190,4.50,20.96,68,3.62,4273,59.6,23.14,0
4.542,2.24,11.75,11.04,1.000,0.00,0.00,2171,2163,3,81,160.55,11.57,200,288.93,-0.74,1.000,0.00,7.81,10.43,61.6,14.07,190,4.50,21.07,68,3.64,4302,56.9,22.75,0
4.587,2.22,11.76,11.04,1.000,0.00,0.00,2108,2163,3,81,160.04,11.93,200,288.74,-1.04,1.000,0.00,7.81,10.26,61.6,14.07,190,4.50,21.15,68,3.62,4310,58.0,22.35,0
4.646,2.22,11.76,11.04,1.000,0.00,0.00,2191,2163,3,81,160.25,11.46,200,288.75,-0.83,1.000,0.00,7.81,10.45,62.0,14.07,190,5.00,21.30,68,3.66,4354,53.3,22.35,0
4.709,2.21,11.76,11.07,1.000,0.00,0.00,2119,2163,3,81,160.20,10.96,200,288.34,-0.77,1.000,0.00,7.81,10.28,61.6,14.07,190,5.00,21.41,68,3.66,4364,52.5,22.75,0
4.760,2.19,11.80,11.04,1.000,0.00,0.00,2184,2163,3,81,159.39,11.03,200,288.29,-0.50,1.000,0.00,7.81,10.21,61.6,14.07,190,5.00,21.45,68,3.58,4373,51.8,23.14,0
4.841,2.17,11.83,11.04,1.000,0.00,0.00,2121,2163,3,81,160.10,10.41,200,288.34,0.14,1.000,0.00,7.81,10.36,62.0,14.07,190,5.00,20.66,68,3.64,4412,50.6,23.14,0
4.898,2.17,11.83,11.00,1.000,0.00,0.00,2169,2163,3,81,161.29,10.32,200,288.10,0.30,1.000,0.00,7.81,10.17,62.0,14.07,190,5.50,21.80,68,3.60,4443,52.2,23.14,0
4.957,2.16,11.85,11.00,1.000,0.00,0.00,2174,2163,3,82,159.52,10.72,200,287.98,-0.11,1.000,0.00,7.81,10.14,61.6,14.07,190,6.00,21.80,68,3.64,4447,52.5,23.14,0
5.018,2.15,11.86,11.07,1.000,0.00,0.00,2218,2163,3,82,160.48,11.00,200,287.80,-0.40,1.000,0.00,7.81,10.23,61.6,14.07,190,6.00,21.83,68,3.70,4479,52.2,23.14,0
5.064,2.16,11.85,11.04,1.000,0.00,0.00,2117,2163,3,82,163.82,11.07,200,287.44,-0.49,1.000,0.00,7.81,10.22,61.6,14.07,190,6.00,21.14,68,3.66,4505,53.7,22.75,0
5.124,2.15,11.85,11.10,1.000,0.00,0.00,2162,2163,3,82,162.96,11.09,200,287.25,-0.52,1.000,0.00,7.81,10.27,61.6,14.07,190,5.50,22.13,68,3.70,4514,53.7,22.35,0
5.182,2.17,11.83,11.07,1.000,0.00,0.00,2198,2163,3,82,164.13,11.13,200,287.36,-0.38,1.000,0.00,7.81,10.23,61.6,14.07,190,5.50,22.23,68,3.66,4531,54.5,22.35,0
5.253,2.15,11.86,11.07,1.000,0.00,0.00,2128,2163,3,82,163.40,10.24,200,287.41,-0.37,1.000,0.00,7.81,10.16,62.0,14.07,190,6.00,22.28,68,3.66,4557,54.5,22.35,0
5.324,2.15,11.83,11.10,1.000,0.00,0.00,2266,2163,3,82,164.49,10.48,200,287.46,0.09,1.000,0.00,7.81,10.19,62.0,14.07,190,6.00,22.49,68,3.70,4593,55.3,22.35,0
5.383,2.16,11.83,11.07,1.000,0.00,0.00,2211,2163,3,82,165.93,11.26,200,287.50,-0.64,1.000,0.00,7.81,10.23,62.0,14.07,190,6.00,22.59,68,3.68,4604,57.6,21.96,0
5.454,2.16,11.86,11.10,1.000,0.00,0.00,2185,2163,3,82,166.90,10.52,200,287.12,0.09,1.000,0.00,7.81,10.16,62.0,14.07,190,5.50,22.60,68,3.70,4632,56.5,21.96,0
5.519,2.15,11.88,11.13,1.000,0.00,0.00,2158,2163,3,82,167.47,11.34,200,286.49,-0.59,1.000,0.00,7.81,10.28,61.6,14.07,190,5.50,22.87,68,3.64,4659,58.4,21.57,0
5.570,2.17,11.85,11.10,1.000,0.00,0.00,2200,2163,3,82,169.06,10.78,200,286.41,-0.17,1.000,0.00,7.81,10.35,61.6,14.07,190,6.00,22.85,68,3.70,4657,57.3,21.57,0
5.651,2.15,11.85,11.10,1.000,0.00,0.00,2159,2163,3,82,169.71,10.48,200,286.20,0.06,1.000,0.00,7.81,10.34,62.0,14.07,190,6.00,21.97,68,3.70,4704,58.4,21.18,0
5.705,2.17,11.86,11.10,1.000,0.00,0.00,2096,2163,3,82,171.90,11.27,200,286.06,-0.54,1.000,0.00,7.81,10.39,61.6,14.07,190,6.00,22.17,68,3.76,4723,58.8,21.57,0
5.766,2.16,11.85,11.10,1.000,0.00,0.00,2133,2163,3,82,171.42,10.42,200,285.61,-0.77,1.000,0.00,7.81,10.19,61.6,14.07,190,6.00,23.16,68,3.72,4725,59.2,21.57,0
5.821,2.17,11.81,11.10,1.000,0.00,0.00,2134,2163,3,82,172.36,11.39,200,285.43,-0.68,1.000,0.00,7.81,10.31,61.6,14.07,190,5.50,23.36,68,3.74,4761,60.0,21.18,0
5.902,2.16,11.85,11.13,1.000,0.00,0.00,2274,2163,3,82,172.92,10.91,200,285.14,-0.44,1.000,0.00,7.81,10.27,61.6,14.07,190,6.00,22.46,68,3.72,4781,60.4,21.18,0
5.956,2.15,11.88,11.17,1.000,0.00,0.00,2229,2163,3,82,172.09,10.52,200,285.09,-0.06,1.000,0.00,7.81,10.32,61.6,14.07,190,6.00,22.47,68,3.74,4795,59.2,20.78,0
6.017,2.13,11.88,11.17,1.000,0.00,0.00,2195,2163,3,82,172.59,11.26,201,285.01,-0.68,1.000,0.00,6.25,10.37,61.6,14.07,190,6.50,22.55,68,3.74,4837,61.2,20.78,0
6.074,2.11,11.93,11.20,1.000,0.00,0.00,2054,2163,3,82,171.12,11.18,201,284.94,-0.74,1.000,0.00,3.12,10.61,61.6,14.07,190,6.50,21.73,68,3.66,4845,60.8,21.18,0
6.135,2.13,11.89,11.23,1.000,0.00,0.00,2278,2163,3,82,173.66,10.30,201,284.85,-0.59,1.000,0.00,2.34,10.89,61.6,14.07,190,6.50,21.75,68,3.72,4862,60.0,21.18,0
6.197,2.13,11.84,11.17,1.000,0.00,0.00,2161,2163,3,82,174.61,10.22,201,284.61,-0.25,1.000,0.00,0.78,11.00,61.6,14.07,190,6.50,20.79,68,3.76,4896,63.5,21.18,0
6.258,2.15,11.88,11.17,1.000,0.00,0.00,2101,2163,3,84,176.61,10.99,201,284.36,0.07,1.000,0.00,0.00,11.00,61.6,14.07,190,6.00,21.99,68,3.74,4921,65.1,20.39,0
6.318,2.15,11.83,11.17,1.000,0.00,0.00,2247,2163,3,84,176.50,10.56,201,284.09,0.07,1.000,0.00,0.00,11.14,61.6,14.07,190,6.00,21.00,68,3.80,4926,66.3,20.39,0
6.378,2.13,11.89,11.20,1.000,0.00,0.00,2126,2163,3,84,177.08,11.18,201,283.83,-0.92,1.000,0.00,0.00,11.17,61.6,14.07,192,6.50,21.06,68,3.78,4955,67.1,20.00,0
6.438,2.15,11.86,11.17,1.000,0.00,0.00,2134,2163,3,84,178.31,11.10,201,283.86,-0.85,1.000,0.00,0.00,11.23,61.6,14.07,192,6.00,21.21,68,3.78,4979,71.0,19.61,0
6.497,2.17,11.84,11.13,1.000,0.00,0.00,2060,2163,3,84,180.85,11.08,201,283.48,-0.87,1.000,0.00,0.00,11.17,61.6,14.07,192,6.00,21.29,68,3.84,4995,73.7,19.61,0
6.556,2.15,11.86,11.17,1.000,0.00,0.00,2136,2163,3,84,180.35,11.15,201,283.50,-0.96,1.000,0.00,0.00,11.18,61.6,14.07,192,6.50,21.38,68,3.80,5024,76.5,19.22,0
6.615,2.09,11.83,11.20,1.000,0.00,0.00,2044,2163,3,84,176.87,11.36,201,283.49,-1.13,1.000,0.00,0.00,11.10,61.6,14.07,192,6.00,22.57,68,3.82,5056,78.0,20.00,0
6.670,2.16,11.84,11.17,1.000,0.00,0.00,2253,2163,3,84,182.60,11.42,201,283.12,-0.30,1.000,0.00,0.00,11.17,61.6,14.07,192,6.00,21.57,68,3.80,5056,83.1,18.43,0
6.741,2.16,11.89,11.17,1.000,0.00,0.00,2155,2163,3,84,183.80,11.21,201,283.16,-1.00,1.000,0.00,0.00,11.29,61.6,14.07,192,6.50,21.69,68,3.84,5092,91.0,18.82,0
6.821,2.19,11.82,11.13,1.000,0.00,0.00,2226,2163,3,84,186.78,10.79,201,282.76,-0.72,1.000,0.00,0.00,11.20,61.6,14.07,192,6.00,22.85,68,3.82,5123,99.6,18.04,0
6.876,2.17,11.79,11.17,1.000,0.00,0.00,2020,2163,3,84,186.35,11.32,201,282.55,-1.36,1.000,0.00,0.00,11.09,61.6,14.07,192,6.00,22.99,68,3.86,5134,99.6,17.65,0
6.931,2.16,11.84,11.17,1.000,0.00,0.00,2172,2163,3,84,185.98,11.44,201,281.98,-0.45,1.000,0.00,0.00,11.17,61.2,14.07,192,6.00,21.93,68,3.82,5148,85.9,18.43,0
7.002,2.19,11.84,11.13,1.000,0.00,0.00,2165,2163,3,84,188.09,10.40,201,282.06,-1.63,1.000,0.00,0.00,11.13,61.2,14.07,192,6.00,22.06,68,3.84,5194,99.6,17.65,0
7.067,2.13,11.82,11.17,1.000,0.00,0.00,2099,2163,3,84,185.50,10.24,201,281.81,-0.44,1.000,0.00,0.00,11.15,61.6,14.07,192,6.00,23.33,68,3.90,5203,99.6,16.47,0
7.121,2.19,11.84,11.13,1.000,0.00,0.00,2052,2163,3,84,188.00,11.10,201,281.73,-0.35,1.000,0.00,0.00,11.05,61.6,14.07,192,6.50,23.31,68,3.86,5217,99.6,16.86,0
7.195,2.17,11.77,11.13,1.000,0.00,0.00,2160,2163,3,84,191.76,10.23,201,281.54,-0.24,1.000,0.00,0.00,11.00,61.6,14.07,192,6.50,23.53,68,3.86,5258,99.6,17.25,0
7.254,2.20,11.82,11.10,1.000,0.00,0.00,2230,2163,3,84,193.44,11.11,201,281.05,-0.97,1.000,0.00,0.00,11.06,61.2,14.07,192,6.50,23.57,68,3.86,5261,99.6,16.86,0
7.314,2.15,11.79,11.13,1.000,0.00,0.00,2269,2163,3,86,189.29,10.09,201,281.05,-0.23,1.000,0.00,0.00,11.05,61.2,14.07,192,6.50,22.51,68,3.88,5291,99.6,16.47,0
7.376,2.13,11.73,11.13,1.000,0.00,0.00,2198,2163,3,86,189.17,10.30,201,280.62,-1.40,1.000,0.00,0.00,11.10,61.2,14.07,192,6.50,22.64,68,3.86,5318,99.6,16.86,0
7.437,2.16,11.78,11.07,1.000,0.00,0.00,2220,2163,3,86,191.84,9.90,201,280.15,-1.30,1.000,0.00,0.00,10.95,60.8,14.07,192,7.00,22.69,68,3.86,5318,99.6,16.47,0
7.499,2.12,11.74,11.13,1.000,0.00,0.00,2255,2163,3,86,189.96,10.24,201,280.73,-1.37,1.000,0.00,0.00,11.00,61.6,14.07,192,6.50,22.70,68,3.88,5351,99.6,16.08,0
7.553,2.12,11.69,11.10,1.000,0.00,0.00,2217,2163,3,86,190.89,10.23,201,280.23,-1.39,1.000,0.00,0.00,11.13,61.2,14.07,192,6.50,22.96,68,3.90,5388,99.6,16.47,0
7.622,2.15,11.69,11.10,1.000,0.00,0.00,2200,2163,3,86,195.01,9.68,201,280.39,-0.37,1.000,0.00,0.00,11.04,61.2,14.07,192,7.00,24.11,68,3.90,5385,99.6,16.08,0
7.694,2.09,11.65,11.10,1.000,0.00,0.00,2196,2163,3,86,190.23,10.95,201,280.01,-0.92,1.000,0.00,0.00,11.00,61.2,14.07,192,6.50,24.16,68,3.92,5416,99.6,15.29,0
7.759,2.12,11.68,11.00,1.000,0.00,0.00,2206,2163,3,86,193.27,10.33,201,280.00,-0.02,1.000,0.00,0.00,11.06,61.6,14.07,192,6.50,23.25,68,3.84,5450,99.6,16.08,0
7.814,2.13,11.74,11.04,1.000,0.00,0.00,2214,2163,3,86,194.50,9.78,201,279.79,-0.78,1.000,0.00,0.00,10.95,61.2,14.07,192,7.00,24.39,68,3.94,5447,99.6,14.90,0
7.873,2.13,11.68,11.00,1.000,0.00,0.00,2219,2163,3,86,195.32,11.01,201,279.52,-0.50,1.000,0.00,0.00,11.02,61.2,14.07,192,7.00,23.34,68,3.90,5482,99.6,15.29,0
7.944,2.09,11.63,10.97,1.000,0.00,0.00,2240,2163,3,86,193.84,9.46,201,279.44,-0.13,1.000,0.00,0.00,10.97,61.2,14.07,192,7.00,23.51,68,3.88,5511,99.6,15.69,0
8.004,2.13,11.65,10.97,1.000,0.00,0.00,2199,2163,3,86,195.12,9.46,201,279.44,-0.30,1.000,0.00,0.00,10.90,61.2,14.07,192,6.50,24.69,68,3.86,5511,99.6,15.29,0
8.069,2.12,11.57,10.97,1.000,0.00,0.00,2259,2163,3,86,195.76,9.66,201,279.39,0.22,1.000,0.00,0.00,10.85,61.6,14.07,192,7.00,23.65,68,3.90,5551,99.6,15.29,0
8.126,2.11,11.59,10.97,1.000,0.00,0.00,2229,2163,3,86,197.50,10.86,201,278.80,-0.93,1.000,0.00,0.00,10.92,61.2,14.07,192,7.00,23.70,68,3.90,5567,99.6,14.90,0
8.186,2.11,11.63,10.94,1.000,0.00,0.00,2165,2163,3,86,195.61,9.73,201,278.81,-0.20,1.000,0.00,0.00,10.96,61.2,14.07,192,7.00,23.81,68,3.94,5580,99.6,15.29,0
8.248,2.12,11.59,10.94,1.000,0.00,0.00,2080,2163,3,86,199.13,10.65,202,278.55,-0.83,1.000,0.00,0.00,10.89,61.2,14.07,192,7.00,23.85,68,3.92,5600,99.6,15.29,0
8.304,2.11,11.54,10.91,1.000,0.00,0.00,2238,2163,3,88,198.73,9.93,202,278.52,0.13,1.000,0.00,0.00,10.84,61.2,14.07,192,6.50,23.95,68,3.94,5620,99.6,15.29,0
8.364,2.12,11.54,10.91,1.000,0.00,0.00,2164,2163,3,88,198.93,9.37,202,278.23,-0.92,1.000,0.00,0.00,10.81,61.2,14.07,192,6.50,24.04,68,3.94,5644,99.6,14.51,0
8.443,2.13,11.55,10.91,1.000,0.00,0.00,2180,2163,3,88,203.40,9.49,202,278.55,-0.05,1.000,0.00,0.00,10.85,61.6,14.07,192,6.50,25.38,68,3.92,5665,99.6,13.73,0
8.498,2.13,11.46,10.94,1.000,0.00,0.00,2178,2163,3,88,200.85,10.47,202,278.26,-0.89,1.000,0.00,0.00,10.79,61.2,14.07,192,6.50,25.39,68,3.94,5671,99.6,14.90,0
8.558,2.12,11.41,10.94,1.000,0.00,0.00,2148,2163,3,88,201.83,9.36,202,277.89,-0.13,1.000,0.00,0.00,10.71,61.2,14.07,192,6.50,25.50,68,3.92,5706,99.6,14.51,0
8.618,2.12,11.46,10.94,1.000,0.00,0.00,2216,2163,3,88,202.94,9.39,202,276.93,-0.51,1.000,0.00,0.00,10.84,60.8,14.07,192,6.50,24.36,68,3.96,5723,99.6,13.73,0
8.671,2.07,11.46,10.97,1.000,0.00,0.00,2127,2163,3,88,200.66,9.95,202,276.66,-1.38,1.000,0.00,0.00,10.64,60.8,14.07,192,6.50,24.39,68,3.96,5727,99.6,13.73,0
8.751,2.12,11.47,10.94,1.000,0.00,0.00,2131,2163,3,88,202.56,9.22,202,276.98,0.04,1.000,0.00,0.00,10.77,61.2,14.07,192,6.50,24.57,66,3.94,5766,99.6,13.73,0
8.806,2.09,11.49,10.97,1.000,0.00,0.00,2105,2163,3,88,201.66,10.45,202,277.20,-1.20,1.000,0.00,0.00,10.83,61.2,14.07,192,6.50,24.60,68,3.94,5783,99.6,13.33,0
8.866,2.08,11.57,10.97,1.000,0.00,0.00,2164,2163,3,88,200.01,9.26,202,277.20,-0.33,1.000,0.00,0.00,10.82,61.2,14.07,192,6.50,24.64,66,3.96,5783,99.6,13.33,0
8.928,2.07,11.48,10.97,1.000,0.00,0.00,2136,2163,3,88,200.41,9.82,202,276.60,-0.37,1.000,0.00,0.00,10.87,61.2,14.07,192,6.50,24.72,68,3.94,5816,99.6,12.94,0
8.981,2.07,11.43,11.00,1.000,0.00,0.00,2123,2163,3,88,202.16,9.91,202,274.74,-1.26,1.000,0.00,0.00,10.88,60.0,14.07,192,7.00,24.87,68,3.94,5827,99.6,11.76,0
9.063,2.08,11.48,10.97,1.000,0.00,0.00,2285,2163,3,88,202.10,9.91,202,259.66,-1.58,1.000,0.00,0.00,10.80,52.2,14.07,192,6.50,24.92,66,3.94,5841,99.6,7.84,0
9.131,1.98,11.49,11.13,1.000,0.00,0.00,2151,2163,3,88,193.77,9.34,202,246.44,-2.56,1.000,0.00,0.00,10.85,45.1,14.07,192,8.00,25.01,68,3.92,5863,47.5,1.96,0
9.217,1.97,11.57,11.13,1.000,0.00,0.00,2168,2163,3,90,192.63,7.96,202,248.01,-1.77,1.000,0.00,0.00,10.82,45.9,14.07,192,8.00,23.79,68,3.88,5874,48.2,2.35,0
9.262,1.94,11.65,11.17,1.000,0.00,0.00,2169,2163,3,90,191.39,7.55,202,247.65,-1.27,1.000,0.00,0.00,10.90,45.9,14.07,192,8.00,22.67,66,3.82,5904,48.6,4.31,0
9.342,1.93,11.67,11.23,1.000,0.00,0.00,2225,2163,3,90,189.74,7.60,202,247.05,-1.19,1.000,0.00,0.00,10.91,45.5,14.07,192,8.50,22.67,68,3.90,5904,48.2,4.31,0
9.411,1.87,11.78,11.30,1.000,0.00,0.00,2126,2163,3,90,186.36,7.65,202,248.01,-1.30,1.000,0.00,0.00,10.90,46.3,14.07,192,8.50,22.73,68,3.84,5933,48.2,4.31,0
9.465,1.87,11.74,11.33,1.000,0.00,0.00,2150,2163,3,90,185.86,7.62,202,251.11,-0.99,1.000,0.00,0.00,10.97,47.8,14.07,192,8.50,22.84,68,3.82,5948,50.6,5.49,0
9.524,1.86,11.80,11.30,1.000,0.00,0.00,2214,2163,3,90,185.45,7.09,202,250.74,-0.54,1.000,0.00,0.00,11.07,47.8,14.07,192,9.00,21.55,68,3.84,5952,50.6,5.49,0
9.584,1.84,11.77,11.37,1.000,0.00,0.00,2253,2163,3,90,183.50,6.62,202,249.95,-0.30,1.000,0.00,0.00,10.96,47.5,14.07,192,9.00,21.64,68,3.80,5975,49.8,5.49,0
9.645,1.85,11.80,11.37,1.000,0.00,0.00,2270,2163,3,90,184.85,6.54,202,253.44,0.20,1.000,0.00,0.00,10.99,49.4,14.07,192,9.00,21.68,68,3.84,5990,50.2,5.88,0
9.706,1.91,11.66,11.23,1.000,0.00,0.00,2261,2163,3,90,191.47,7.22,202,255.14,-0.22,1.000,0.00,0.00,11.08,50.2,14.07,192,8.50,23.03,68,3.90,6002,72.9,6.67,0
9.766,1.94,11.66,11.20,1.000,0.00,0.00,2276,2163,3,90,195.48,7.43,202,253.36,-0.49,1.000,0.00,0.00,10.92,49.4,14.07,192,8.50,23.03,68,3.86,6013,73.7,6.67,0
9.826,1.93,11.60,11.23,1.000,0.00,0.00,2253,2163,3,90,193.81,7.77,202,252.18,-0.89,1.000,0.00,0.00,10.87,48.6,14.07,192,9.00,23.14,68,3.90,6025,67.1,5.49,0
9.905,1.95,11.63,11.20,1.000,0.00,0.00,2232,2163,3,90,200.01,8.47,202,252.32,-1.41,1.000,0.00,0.00,10.98,49.0,14.07,192,8.50,23.12,68,3.86,6037,69.0,5.10,0
9.944,1.95,11.46,11.20,1.000,0.00,0.00,2188,2163,3,90,198.81,8.98,202,252.35,-2.04,1.000,0.00,0.00,11.02,49.0,14.07,192,8.50,24.55,68,3.94,6064,87.8,3.53,0
10.005,1.98,11.44,11.17,1.000,0.00,0.00,2089,2163,3,90,197.67,9.59,202,251.82,-2.78,1.000,0.00,0.00,11.09,48.6,14.07,192,8.50,24.61,68,3.94,6068,99.6,2.75,0
10.060,1.98,11.44,11.17,1.000,0.00,0.00,2101,2163,3,90,200.51,9.67,202,251.45,-2.83,1.000,0.00,0.00,10.96,48.6,14.07,192,8.00,24.61,68,3.98,6072,99.6,1.57,0
10.132,2.03,11.44,11.10,1.000,0.00,0.00,2119,2163,3,90,203.69,9.11,203,250.38,-2.45,1.000,0.00,0.00,10.97,48.2,14.07,192,8.00,24.72,68,3.94,6099,99.6,1.96,0
10.202,1.98,11.39,11.17,1.000,0.00,0.00,2214,2163,3,90,203.35,8.64,203,250.57,-1.89,1.000,0.00,0.00,10.84,48.2,14.07,192,9.00,24.75,68,4.00,6119,99.6,2.75,0
10.283,1.99,11.39,11.13,1.000,0.00,0.00,2112,2163,3,90,204.78,9.27,203,250.26,-2.25,1.000,0.00,0.00,10.97,48.2,14.07,192,9.00,24.84,68,3.98,6127,99.6,3.14,0
10.353,1.98,11.39,11.17,1.000,0.00,0.00,2270,2163,3,90,204.11,9.73,203,249.53,-2.96,1.000,0.00,0.00,10.89,47.8,14.07,192,9.00,23.59,68,3.94,6143,99.6,0.39,0
10.397,1.99,11.41,11.13,1.000,0.00,0.00,2204,2163,3,90,203.33,9.04,203,246.44,-2.49,1.000,0.00,0.00,10.92,46.3,14.07,192,9.00,23.62,68,3.94,6152,99.6,0.78,0
10.468,1.93,11.38,11.23,1.000,0.00,0.00,2120,2163,3,91,193.37,7.26,203,190.39,-4.89,1.000,0.00,0.00,10.91,20.4,14.07,192,9.50,23.70,68,3.84,6172,36.1,0.00,0
10.523,1.33,12.70,11.76,1.000,0.00,0.00,1584,438,3,91,131.85,2.38,203,134.39,-4.79,1.000,0.00,0.00,10.84,0.0,14.07,192,16.00,20.98,68,3.60,6164,29.4,0.00,0
10.594,0.94,12.88,12.34,1.000,0.00,0.00,633,438,3,91,93.18,-2.78,203,78.39,-2.71,1.000,0.00,0.00,12.38,0.0,14.07,192,17.00,20.93,68,2.86,6119,22.0,0.00,0
10.663,0.66,12.88,12.26,1.000,0.00,0.00,527,438,3,90,64.53,-6.48,203,29.39,-1.80,1.000,0.00,0.00,11.56,0.0,14.07,192,16.00,14.38,68,2.28,6131,16.5,0.00,0
10.734,0.39,12.88,12.38,1.000,0.00,0.00,494,438,3,90,35.50,-9.61,203,0.00,-0.68,1.000,0.00,0.00,11.50,0.0,14.07,192,16.00,9.10,68,1.42,6096,9.4,0.00,0
10.794,0.21,12.61,12.63,1.000,0.00,0.00,327,438,3,90,20.04,-10.59,203,0.00,0.30,1.000,0.00,0.00,11.97,0.0,14.07,192,16.00,9.01,68,1.30,5998,9.4,0.00,0
10.863,0.14,12.78,12.76,1.000,0.00,0.00,333,438,3,90,14.24,-11.29,203,0.00,1.14,1.000,0.00,0.00,13.12,0.0,14.07,192,16.50,8.81,68,1.30,5881,9.4,0.00,0
10.934,0.12,12.91,12.89,1.000,0.00,0.00,325,438,3,88,12.20,-11.63,203,0.00,1.44,1.000,0.00,0.00,14.19,0.0,14.07,192,16.50,8.60,68,1.24,5759,9.0,0.00,0
11.004,0.12,13.09,13.07,1.000,0.00,0.00,302,438,3,88,10.82,-11.81,203,0.00,1.56,1.000,0.00,0.00,16.11,0.0,14.07,192,17.00,8.48,68,1.32,5634,9.0,0.00,0
11.064,0.10,13.18,13.16,1.000,0.00,0.00,394,438,0,88,9.96,-11.75,203,0.00,1.48,1.000,0.00,0.00,18.96,0.0,14.07,192,17.00,8.26,68,1.32,5521,9.0,0.00,0
11.124,0.10,13.25,13.25,1.000,0.00,0.00,276,438,4,88,9.30,-11.92,203,0.00,1.53,1.000,0.00,0.00,21.52,0.0,14.07,192,17.00,8.15,68,1.34,5413,9.0,0.00,0
11.193,0.09,13.25,13.25,1.000,0.00,0.00,297,438,4,88,8.79,-11.91,203,0.00,1.55,1.000,0.00,0.00,22.20,0.0,14.07,192,17.00,7.95,68,1.38,5279,8.6,0.00,0
11.273,0.09,13.36,13.25,1.000,0.00,0.00,319,438,4,88,8.66,-11.95,203,0.00,1.49,1.000,0.00,0.00,22.20,0.0,14.07,192,17.00,7.73,68,1.38,5154,8.6,0.00,0
11.328,0.09,13.70,13.25,1.000,0.00,0.00,334,438,4,88,8.52,-11.90,203,0.00,1.39,1.000,0.00,0.00,22.20,0.0,14.07,192,17.00,7.62,68,1.32,5048,8.6,0.00,0
11.386,0.09,13.93,13.25,1.000,0.00,0.00,350,438,4,88,8.41,-11.89,203,0.00,1.33,1.000,0.00,0.00,22.20,0.0,14.07,192,17.00,7.41,68,1.36,4945,8.2,0.00,0
11.446,0.09,14.15,13.25,1.000,0.00,0.00,365,438,4,88,8.18,-12.00,203,0.00,1.38,1.000,0.00,0.00,22.20,0.0,14.07,192,17.00,7.31,68,1.24,4842,8.2,0.00,0
11.510,0.09,14.19,13.25,1.000,0.00,0.00,377,438,4,88,8.04,-11.90,203,1.26,1.30,1.000,0.00,0.00,22.20,0.0,14.07,192,17.00,7.11,68,1.30,4747,8.2,0.00,0
11.561,0.10,14.22,13.25,1.000,0.00,0.00,388,438,4,88,8.04,-12.02,203,1.26,1.28,1.000,0.00,0.78,22.20,0.0,14.07,192,17.00,7.01,68,1.30,4643,8.2,0.00,0
11.635,0.10,14.05,13.25,1.000,0.00,0.00,312,438,4,88,8.04,-11.85,203,3.81,1.20,1.000,0.00,2.34,22.20,2.0,14.07,192,27.00,6.82,68,1.34,4533,8.2,0.00,0
11.695,0.10,14.06,13.25,1.000,0.00,0.00,357,438,4,88,8.22,-11.99,203,5.12,1.28,1.000,0.00,3.12,22.20,3.1,14.07,192,33.50,1.92,68,1.34,4494,8.2,0.00,0
11.765,0.10,14.06,13.25,1.000,0.00,0.00,370,438,4,88,8.41,-12.05,203,6.08,1.40,1.000,0.00,3.12,22.20,3.9,14.07,192,33.50,1.91,68,1.36,4447,8.6,0.00,0
11.821,0.10,14.08,13.25,1.000,0.00,0.00,400,438,4,88,8.52,-12.14,203,6.18,1.44,1.000,0.00,3.12,22.20,3.9,14.07,192,33.50,1.88,68,1.36,4414,8.6,0.00,0
11.896,0.12,14.12,13.30,1.000,0.00,0.00,373,438,4,88,8.64,-12.11,203,5.95,1.42,1.000,0.00,3.12,22.20,3.9,14.07,192,33.50,1.87,68,1.34,4393,8.2,0.00,0
11.981,0.12,14.12,13.30,1.000,0.00,0.00,393,438,4,88,8.66,-12.14,203,5.65,1.40,1.000,0.00,3.12,22.20,3.5,14.07,192,33.50,1.87,68,1.34,4395,8.2,0.00,0
12.038,0.12,14.08,13.25,1.000,0.00,0.00,350,438,4,88,8.73,-12.11,203,6.04,1.43,1.000,0.00,3.12,22.20,3.9,14.07,192,33.50,1.88,68,1.32,4410,8.6,0.00,0
12.092,0.12,14.06,13.25,1.000,0.00,0.00,382,438,4,88,8.83,-12.13,203,5.70,1.45,1.000,0.00,3.12,20.70,3.5,14.07,192,33.50,1.90,68,1.32,4458,8.2,0.00,0
12.184,0.12,14.05,13.25,1.000,0.00,0.00,402,438,4,88,8.96,-12.14,203,5.50,1.49,1.000,0.00,3.12,18.27,3.5,14.07,192,33.50,1.93,68,1.34,4514,8.6,0.00,0
12.241,0.12,14.06,13.25,1.000,0.00,0.00,397,438,4,90,9.00,-12.12,203,5.65,1.45,1.000,0.00,3.12,16.42,3.5,14.07,192,33.50,1.92,68,1.34,4477,8.2,0.00,0
12.316,0.12,14.06,13.25,1.000,0.00,0.00,388,438,4,90,9.01,-12.14,203,5.29,1.46,1.000,0.00,3.12,15.02,3.5,14.07,192,33.50,1.91,68,1.34,4483,8.2,0.00,0
12.372,0.12,14.06,14.04,1.000,0.00,0.00,351,438,4,90,9.03,-12.14,203,5.39,1.45,1.000,1.56,3.12,14.42,3.5,14.07,192,33.50,1.91,68,1.36,4473,8.2,0.00,0
12.455,0.12,14.06,14.04,1.000,0.00,0.00,403,438,4,90,9.05,-12.14,203,4.70,1.40,1.000,0.00,3.12,13.83,2.7,14.07,192,33.50,1.90,68,1.32,4454,8.2,0.00,0
12.501,0.12,14.06,14.04,1.000,0.00,0.00,426,438,4,90,9.01,-12.08,203,3.38,1.32,1.000,-2.34,3.12,13.52,1.2,14.07,192,33.50,1.91,68,1.34,4466,8.2,0.00,0
12.579,0.12,14.08,14.04,1.000,0.00,0.00,419,438,4,90,8.80,-12.09,203,0.00,1.10,1.000,-3.12,3.12,13.36,0.0,14.07,192,32.50,1.89,68,1.32,4435,7.8,0.00,0
12.639,0.10,14.10,13.25,1.000,0.00,0.00,421,438,4,90,8.61,-12.14,203,0.00,1.14,1.000,0.00,3.12,13.24,0.0,14.07,192,31.50,1.89,68,1.26,4445,7.8,0.00,0
12.692,0.10,14.16,13.25,1.000,0.00,0.00,433,438,4,90,8.56,-12.14,203,0.00,1.13,1.000,0.00,3.12,13.13,0.0,14.07,192,30.00,1.89,68,1.26,4428,7.8,0.00,0
12.761,0.10,14.25,13.25,1.000,0.00,0.00,384,438,4,90,8.55,-12.11,203,0.00,1.09,1.000,0.00,3.12,13.08,0.0,14.07,192,28.50,1.89,68,1.24,4433,7.8,0.00,0
12.835,0.10,14.29,13.25,1.000,0.00,0.00,426,438,4,90,8.54,-12.14,203,0.00,1.11,1.000,0.00,3.12,13.29,0.0,14.07,192,26.50,1.89,68,1.28,4416,7.8,0.00,0
12.892,0.10,14.29,13.25,1.000,0.00,0.00,423,438,4,90,8.52,-12.14,203,0.00,1.09,1.000,0.00,3.12,13.42,0.0,14.07,192,24.00,1.88,68,1.26,4407,7.8,0.00,0
12.966,0.10,14.29,13.25,1.000,0.00,0.00,419,438,4,90,8.51,-12.12,203,0.00,1.10,1.000,0.00,3.12,13.69,0.0,14.07,192,23.00,1.88,68,1.26,4416,7.8,0.00,0
13.025,0.10,14.64,13.25,1.000,0.00,0.00,429,438,4,90,8.49,-12.14,204,0.00,1.09,0.733,0.00,3.12,13.88,0.0,14.07,192,21.00,1.88,68,1.26,4401,7.8,0.00,0
13.081,0.10,14.64,13.30,1.000,0.00,0.00,441,438,4,90,8.46,-12.14,204,0.00,1.09,0.613,0.00,3.12,14.27,0.0,14.07,192,20.00,1.88,68,1.30,4395,7.8,0.00,0
13.164,0.10,14.64,13.30,1.000,0.00,0.00,451,438,4,90,8.39,-11.89,204,0.00,0.87,0.000,0.00,3.12,15.06,0.0,14.07,192,18.00,1.88,68,1.28,4387,7.8,0.00,0
13.219,0.10,14.64,13.44,1.000,0.00,0.00,457,438,4,90,8.28,-11.71,204,0.00,0.83,0.000,0.00,3.12,16.59,0.0,14.07,192,17.00,1.85,68,1.26,4334,7.8,0.00,0
13.278,0.10,14.64,13.44,1.000,0.00,0.00,462,438,4,90,8.32,-11.71,204,0.00,0.67,0.000,0.00,3.12,18.32,0.0,14.07,192,17.00,1.84,70,1.24,4340,7.8,0.00,0
13.337,0.10,14.64,13.39,1.000,0.00,0.00,472,438,4,90,8.36,-11.56,204,0.00,0.55,0.000,0.00,3.12,21.81,0.0,14.07,192,17.00,1.86,70,1.26,4360,7.8,0.00,0
13.396,0.10,14.64,13.34,1.000,0.00,0.00,478,438,4,90,8.30,-11.65,204,0.00,0.63,0.000,0.00,3.12,22.20,0.0,14.07,192,17.00,1.86,70,1.24,4348,7.8,0.00,0
13.469,0.10,14.64,13.34,1.000,0.00,0.00,488,438,4,91,8.21,-11.60,204,0.00,0.53,0.000,0.00,3.12,22.20,0.0,14.07,192,17.00,1.85,70,1.28,4328,7.8,0.00,0
13.524,0.10,14.64,13.30,1.000,0.00,0.00,494,438,4,91,8.25,-11.52,204,0.00,0.50,0.000,0.00,3.12,22.20,0.0,14.07,192,17.00,1.85,70,1.28,4324,7.8,0.00,0
13.584,0.10,14.64,13.30,1.000,0.00,0.00,504,438,4,91,8.23,-11.46,204,0.00,0.50,0.000,0.00,3.12,22.20,0.0,14.07,192,17.00,1.84,70,1.26,4300,7.8,0.00,0
13.652,0.10,14.41,13.25,1.000,0.00,0.00,510,438,4,91,8.19,-11.46,204,0.00,0.57,0.070,0.00,3.12,22.20,0.0,14.07,192,12.00,1.83,70,1.20,4283,7.8,0.00,0
13.741,0.10,14.41,13.20,1.000,0.00,0.00,520,438,4,91,8.19,-11.78,204,0.00,0.69,0.658,0.00,3.12,22.20,0.0,14.07,192,12.00,1.82,70,1.28,4277,7.8,0.00,0
13.798,0.10,14.41,13.16,1.000,0.00,0.00,526,438,4,91,8.21,-11.87,204,0.00,0.98,0.770,0.00,3.12,22.20,0.0,14.07,192,12.00,1.82,70,1.28,4265,7.8,0.00,0
13.866,0.10,14.41,13.16,1.000,0.00,0.00,531,438,4,91,8.24,-12.00,204,0.00,1.12,0.830,0.00,3.12,22.20,0.0,14.07,192,12.00,1.82,70,1.30,4257,7.8,0.00,0
13.926,0.12,14.45,13.11,1.000,0.00,0.00,536,438,4,91,8.25,-12.00,204,0.00,1.01,0.900,0.00,3.12,22.20,0.0,14.07,192,12.00,1.81,70,1.26,4236,7.8,0.00,0
13.986,0.12,14.45,13.11,1.000,0.00,0.00,546,438,4,91,8.26,-12.01,204,0.00,1.07,0.960,0.00,3.12,22.20,0.0,14.07,192,12.00,1.80,70,1.26,4223,7.8,0.00,0
14.045,0.12,14.45,13.07,1.000,0.00,0.00,552,438,4,91,8.29,-12.04,204,0.00,1.05,1.000,0.00,3.12,22.20,0.0,14.07,192,12.00,1.80,70,1.26,4219,7.8,0.00,0
14.104,0.12,14.45,13.02,1.000,0.00,0.00,556,438,4,91,8.26,-12.14,204,0.00,1.15,1.000,0.00,3.12,22.20,0.0,14.07,192,12.00,1.80,70,1.24,4200,7.8,0.00,0
14.162,0.12,14.49,13.02,1.000,0.00,0.00,563,438,4,91,8.21,-12.14,204,0.00,1.17,1.000,0.00,3.12,22.20,0.0,14.07,192,12.00,1.79,70,1.22,4185,7.8,0.00,0
14.231,0.12,14.49,12.98,1.000,0.00,0.00,568,438,4,91,8.19,-12.03,204,0.00,1.11,1.000,0.00,3.12,22.20,0.0,14.07,192,12.00,1.79,70,1.28,4183,7.8,0.00,0
14.306,0.12,14.49,12.93,1.000,0.00,0.00,573,438,4,91,8.07,-12.06,204,0.00,1.18,1.000,0.00,3.12,22.20,0.0,14.07,192,12.00,1.78,70,1.26,4154,7.8,0.00,0
14.362,0.12,14.53,12.93,1.000,0.00,0.00,579,438,4,91,8.13,-12.03,204,0.00,1.14,1.000,0.00,3.12,22.20,0.0,14.07,192,12.00,1.77,70,1.26,4139,7.8,0.00,0
14.431,0.12,14.53,12.89,1.000,0.00,0.00,585,438,4,91,8.23,-12.05,204,0.00,1.19,1.000,0.00,3.12,22.20,0.0,14.07,192,12.00,1.77,70,1.30,4145,7.8,0.00,0
14.506,0.12,14.53,12.84,1.000,0.00,0.00,594,438,4,91,8.22,-12.07,204,0.00,1.10,1.000,0.00,3.12,22.20,0.0,14.07,192,12.00,1.76,70,1.22,4123,7.8,0.00,0
14.564,0.12,14.53,12.84,1.000,0.00,0.00,600,438,4,91,8.15,-12.04,204,0.00,1.11,1.000,0.00,3.12,22.20,0.0,14.07,192,12.00,1.76,70,1.24,4106,7.8,0.00,0
14.653,0.12,14.57,12.80,1.000,0.00,0.00,605,438,4,91,8.12,-12.00,204,0.00,1.07,1.000,0.00,3.12,22.20,0.0,14.07,192,12.00,1.75,70,1.26,4097,7.8,0.00,0
14.719,0.12,14.57,12.80,1.000,0.00,0.00,610,438,4,91,8.01,-12.00,204,0.00,1.19,1.000,0.00,3.12,22.20,0.0,14.07,192,12.00,1.74,70,1.24,4067,7.8,0.00,0
14.774,0.12,14.57,12.80,1.000,0.00,0.00,616,438,4,91,8.03,-11.94,204,0.00,1.17,1.000,0.00,3.12,22.20,0.0,14.07,192,12.00,1.73,70,1.20,4060,7.8,0.00,0
14.846,0.12,14.57,12.80,1.000,0.00,0.00,621,438,4,91,8.01,-12.07,204,0.00,1.16,1.000,0.00,3.12,22.20,0.0,14.07,192,12.00,1.73,70,1.22,4058,7.8,0.00,0
14.902,0.12,14.61,12.80,1.000,0.00,0.00,626,438,4,93,7.98,-12.02,204,0.00,1.19,1.000,0.00,3.12,22.20,0.0,14.07,192,12.00,1.73,70,1.24,4043,7.8,0.00,0
14.973,0.12,14.61,12.80,1.000,0.00,0.00,632,438,4,93,7.99,-11.87,204,0.00,1.20,1.000,0.00,3.12,22.20,0.0,14.07,192,12.00,1.72,70,1.24,4027,7.8,0.00,0
